{"title":"Data Screening","markdown":{"yaml":{"title":"Data Screening","description":"Screening and filtering data from the IGN catalog down to the relevant events for La Palma","authors":[{"name":"Steve Purves","orcid":"0000-0002-0760-5497"},{"name":"Charlotte Wickham","note":"Edited original notebook by Steve Purves"}],"jupyter":"python3"},"headingText":"Filter","containsRefs":false,"markdown":"\n\n```{python}\nimport pandas as pd\nimport matplotlib.pyplot as plt\n```\n\nImport `la-palma.csv` - a clean subset of [`catalogoComunSV_1663233588717.csv`](https://github.com/Notebooks-Now/submission-quarto-full/blob/main/data/catalogoComunSV_1663233588717.csv):\n\n```{python}\ndf = pd.read_csv('la-palma.csv')\ndf['DateTime'] = pd.to_datetime(df['DateTime'])\ndf = df.sort_values(by=['DateTime'], ascending=True)\ndf.head()\n```\n\n```{python}\ndf.describe()\n```\n\n```{python}\ndf.plot.scatter(x=\"Longitude\", y=\"Latitude\", figsize=(12,12), grid=\"on\");\n```\n\n\nAlso some rows seem to be missing depth measurements, (see differences in the **count** for columns above) - take only rows with valid depths\n\n```{python}\ndf = df[df['Depth(km)'].notna()]\ndf.describe()\n```\n\n```{python}\nplt.figure(figsize=(20,6))\nplt.subplot(1,3,1)\ndf[\"Latitude\"].plot.hist(bins=20, density=True)\nplt.subplot(1,3,2)\ndf[\"Longitude\"].plot.hist(bins=20, density=True)\nplt.subplot(1,3,3)\ndf[\"Depth(km)\"].plot.hist(bins=50, density=True)\n```\n\n## Spatial Plot\n\nScatter plot the spatial locations of events\n\n```{python}\n#| label: fig-spatial-plot\n#| fig-cap: Locations of earthquakes on La Palma since 2017.\n#| fig-alt: \"A scatterplot of earthquake locations plotting latitude against longitude.\"\nfrom matplotlib import colormaps\ncmap = colormaps['viridis_r']\nax = df.plot.scatter(x=\"Longitude\", y=\"Latitude\", \n                     s=47-df[\"Depth(km)\"], c=df[\"Magnitude\"], \n                     figsize=(12,10), grid=\"on\", cmap=cmap)\ncolorbar = ax.collections[0].colorbar\ncolorbar.set_label(\"Magnitude\")\n\nplt.show()\n```\n\n### Timeline Plot\n\nScatter plot the event time series and look for any quantization issues. Have times & dates been loaded correctly?\n\n```{python}\nax = df.plot.scatter(x='DateTime', y='Depth(km)', figsize=(20,8))\nax.set_ylim(50,0);\n","srcMarkdownNoYaml":"\n\n```{python}\nimport pandas as pd\nimport matplotlib.pyplot as plt\n```\n\nImport `la-palma.csv` - a clean subset of [`catalogoComunSV_1663233588717.csv`](https://github.com/Notebooks-Now/submission-quarto-full/blob/main/data/catalogoComunSV_1663233588717.csv):\n\n```{python}\ndf = pd.read_csv('la-palma.csv')\ndf['DateTime'] = pd.to_datetime(df['DateTime'])\ndf = df.sort_values(by=['DateTime'], ascending=True)\ndf.head()\n```\n\n```{python}\ndf.describe()\n```\n\n```{python}\ndf.plot.scatter(x=\"Longitude\", y=\"Latitude\", figsize=(12,12), grid=\"on\");\n```\n\n### Filter \n\nAlso some rows seem to be missing depth measurements, (see differences in the **count** for columns above) - take only rows with valid depths\n\n```{python}\ndf = df[df['Depth(km)'].notna()]\ndf.describe()\n```\n\n```{python}\nplt.figure(figsize=(20,6))\nplt.subplot(1,3,1)\ndf[\"Latitude\"].plot.hist(bins=20, density=True)\nplt.subplot(1,3,2)\ndf[\"Longitude\"].plot.hist(bins=20, density=True)\nplt.subplot(1,3,3)\ndf[\"Depth(km)\"].plot.hist(bins=50, density=True)\n```\n\n## Spatial Plot\n\nScatter plot the spatial locations of events\n\n```{python}\n#| label: fig-spatial-plot\n#| fig-cap: Locations of earthquakes on La Palma since 2017.\n#| fig-alt: \"A scatterplot of earthquake locations plotting latitude against longitude.\"\nfrom matplotlib import colormaps\ncmap = colormaps['viridis_r']\nax = df.plot.scatter(x=\"Longitude\", y=\"Latitude\", \n                     s=47-df[\"Depth(km)\"], c=df[\"Magnitude\"], \n                     figsize=(12,10), grid=\"on\", cmap=cmap)\ncolorbar = ax.collections[0].colorbar\ncolorbar.set_label(\"Magnitude\")\n\nplt.show()\n```\n\n### Timeline Plot\n\nScatter plot the event time series and look for any quantization issues. Have times & dates been loaded correctly?\n\n```{python}\nax = df.plot.scatter(x='DateTime', y='Depth(km)', figsize=(20,8))\nax.set_ylim(50,0);\n"},"formats":{"html":{"identifier":{"display-name":"HTML","target-format":"html","base-format":"html"},"execute":{"fig-width":7,"fig-height":5,"fig-format":"retina","fig-dpi":96,"df-print":"default","error":false,"eval":true,"cache":null,"freeze":"auto","echo":false,"output":true,"warning":false,"include":true,"keep-md":false,"keep-ipynb":false,"ipynb":null,"enabled":null,"daemon":null,"daemon-restart":false,"debug":false,"ipynb-filters":[],"ipynb-shell-interactivity":null,"plotly-connected":true,"engine":"jupyter"},"render":{"keep-tex":false,"keep-typ":false,"keep-source":false,"keep-hidden":true,"prefer-html":false,"output-divs":true,"output-ext":"html","fig-align":"center","fig-pos":null,"fig-env":null,"code-fold":"none","code-overflow":"scroll","code-link":false,"code-line-numbers":false,"code-tools":false,"tbl-colwidths":"auto","merge-includes":true,"inline-includes":false,"preserve-yaml":false,"latex-auto-mk":true,"latex-auto-install":true,"latex-clean":true,"latex-min-runs":1,"latex-max-runs":10,"latex-makeindex":"makeindex","latex-makeindex-opts":[],"latex-tlmgr-opts":[],"latex-input-paths":[],"latex-output-dir":null,"link-external-icon":false,"link-external-newwindow":false,"self-contained-math":false,"format-resources":[],"notebook-links":true,"produce-source-notebook":true,"notebook-preserve-cells":true},"pandoc":{"standalone":true,"wrap":"none","default-image-extension":"png","to":"html","toc":true,"number-sections":true,"output-file":"data-screening.html"},"language":{"toc-title-document":"Table of contents","toc-title-website":"On this page","related-formats-title":"Other Formats","related-notebooks-title":"Notebooks","source-notebooks-prefix":"Source","other-links-title":"Other Links","code-links-title":"Code Links","launch-dev-container-title":"Launch Dev Container","launch-binder-title":"Launch Binder","article-notebook-label":"Article Notebook","notebook-preview-download":"Download Notebook","notebook-preview-download-src":"Download Source","notebook-preview-back":"Back to Article","manuscript-meca-bundle":"MECA Bundle","section-title-abstract":"Abstract","section-title-appendices":"Appendices","section-title-footnotes":"Footnotes","section-title-references":"References","section-title-reuse":"Reuse","section-title-copyright":"Copyright","section-title-citation":"Citation","appendix-attribution-cite-as":"For attribution, please cite this work as:","appendix-attribution-bibtex":"BibTeX citation:","appendix-view-license":"View License","title-block-author-single":"Author","title-block-author-plural":"Authors","title-block-affiliation-single":"Affiliation","title-block-affiliation-plural":"Affiliations","title-block-published":"Published","title-block-modified":"Modified","title-block-keywords":"Keywords","callout-tip-title":"Tip","callout-note-title":"Note","callout-warning-title":"Warning","callout-important-title":"Important","callout-caution-title":"Caution","code-summary":"Code","code-tools-menu-caption":"Code","code-tools-show-all-code":"Show All Code","code-tools-hide-all-code":"Hide All Code","code-tools-view-source":"View Source","code-tools-source-code":"Source Code","tools-share":"Share","tools-download":"Download","code-line":"Line","code-lines":"Lines","copy-button-tooltip":"Copy to Clipboard","copy-button-tooltip-success":"Copied!","repo-action-links-edit":"Edit this page","repo-action-links-source":"View source","repo-action-links-issue":"Report an issue","back-to-top":"Back to top","search-no-results-text":"No results","search-matching-documents-text":"matching documents","search-copy-link-title":"Copy link to search","search-hide-matches-text":"Hide additional matches","search-more-match-text":"more match in this document","search-more-matches-text":"more matches in this document","search-clear-button-title":"Clear","search-text-placeholder":"","search-detached-cancel-button-title":"Cancel","search-submit-button-title":"Submit","search-label":"Search","toggle-section":"Toggle section","toggle-sidebar":"Toggle sidebar navigation","toggle-dark-mode":"Toggle dark mode","toggle-reader-mode":"Toggle reader mode","toggle-navigation":"Toggle navigation","crossref-fig-title":"Figure","crossref-tbl-title":"Table","crossref-lst-title":"Listing","crossref-thm-title":"Theorem","crossref-lem-title":"Lemma","crossref-cor-title":"Corollary","crossref-prp-title":"Proposition","crossref-cnj-title":"Conjecture","crossref-def-title":"Definition","crossref-exm-title":"Example","crossref-exr-title":"Exercise","crossref-ch-prefix":"Chapter","crossref-apx-prefix":"Appendix","crossref-sec-prefix":"Section","crossref-eq-prefix":"Equation","crossref-lof-title":"List of Figures","crossref-lot-title":"List of Tables","crossref-lol-title":"List of Listings","environment-proof-title":"Proof","environment-remark-title":"Remark","environment-solution-title":"Solution","listing-page-order-by":"Order By","listing-page-order-by-default":"Default","listing-page-order-by-date-asc":"Oldest","listing-page-order-by-date-desc":"Newest","listing-page-order-by-number-desc":"High to Low","listing-page-order-by-number-asc":"Low to High","listing-page-field-date":"Date","listing-page-field-title":"Title","listing-page-field-description":"Description","listing-page-field-author":"Author","listing-page-field-filename":"File Name","listing-page-field-filemodified":"Modified","listing-page-field-subtitle":"Subtitle","listing-page-field-readingtime":"Reading Time","listing-page-field-wordcount":"Word Count","listing-page-field-categories":"Categories","listing-page-minutes-compact":"{0} min","listing-page-category-all":"All","listing-page-no-matches":"No matching items","listing-page-words":"{0} words","listing-page-filter":"Filter","draft":"Draft"},"metadata":{"lang":"en-US","fig-responsive":true,"quarto-version":"1.6.39","manuscript":{"article":"../index.qmd","notebooks":[{"notebook":"../notebooks/data-screening.qmd"}],"mecaFile":"index-meca.zip"},"quarto-internal":{"subarticles":[{"input":"C:\\Users\\Sneha Shree K\\eda\\designs\\CEMS_DSM\\DSM\\Documentation\\notebooks\\data-screening.qmd","token":"nb-1","render":true}]},"notebook-preview-options":{"back":true},"theme":"cosmo","title-block-style":"manuscript","lightbox":"auto","toc-expand":2,"title":"Data Screening","description":"Screening and filtering data from the IGN catalog down to the relevant events for La Palma","authors":[{"name":"Steve Purves","orcid":"0000-0002-0760-5497"},{"name":"Charlotte Wickham","note":"Edited original notebook by Steve Purves"}],"jupyter":"python3","clear-hidden-classes":"none","remove-hidden":"all","unroll-markdown-cells":true},"extensions":{"book":{"multiFile":true}}},"pdf":{"identifier":{"display-name":"PDF","target-format":"pdf","base-format":"pdf"},"execute":{"fig-width":5.5,"fig-height":3.5,"fig-format":"pdf","fig-dpi":300,"df-print":"default","error":false,"eval":true,"cache":null,"freeze":"auto","echo":false,"output":true,"warning":false,"include":true,"keep-md":false,"keep-ipynb":false,"ipynb":null,"enabled":null,"daemon":null,"daemon-restart":false,"debug":false,"ipynb-filters":[],"ipynb-shell-interactivity":null,"plotly-connected":true,"engine":"jupyter"},"render":{"keep-tex":false,"keep-typ":false,"keep-source":false,"keep-hidden":true,"prefer-html":false,"output-divs":true,"output-ext":"pdf","fig-align":"center","fig-pos":null,"fig-env":null,"code-fold":"none","code-overflow":"scroll","code-link":false,"code-line-numbers":false,"code-tools":false,"tbl-colwidths":true,"merge-includes":true,"inline-includes":false,"preserve-yaml":false,"latex-auto-mk":true,"latex-auto-install":true,"latex-clean":true,"latex-min-runs":1,"latex-max-runs":10,"latex-makeindex":"makeindex","latex-makeindex-opts":[],"latex-tlmgr-opts":[],"latex-input-paths":[],"latex-output-dir":null,"link-external-icon":false,"link-external-newwindow":false,"self-contained-math":false,"format-resources":[],"produce-source-notebook":true,"notebook-preserve-cells":true},"pandoc":{"pdf-engine":"xelatex","standalone":true,"variables":{"graphics":true,"tables":true},"default-image-extension":"pdf","to":"pdf","toc":true,"number-sections":true,"output-file":"data-screening.pdf"},"language":{"toc-title-document":"Table of contents","toc-title-website":"On this page","related-formats-title":"Other Formats","related-notebooks-title":"Notebooks","source-notebooks-prefix":"Source","other-links-title":"Other Links","code-links-title":"Code Links","launch-dev-container-title":"Launch Dev Container","launch-binder-title":"Launch Binder","article-notebook-label":"Article Notebook","notebook-preview-download":"Download Notebook","notebook-preview-download-src":"Download Source","notebook-preview-back":"Back to Article","manuscript-meca-bundle":"MECA Bundle","section-title-abstract":"Abstract","section-title-appendices":"Appendices","section-title-footnotes":"Footnotes","section-title-references":"References","section-title-reuse":"Reuse","section-title-copyright":"Copyright","section-title-citation":"Citation","appendix-attribution-cite-as":"For attribution, please cite this work as:","appendix-attribution-bibtex":"BibTeX citation:","appendix-view-license":"View License","title-block-author-single":"Author","title-block-author-plural":"Authors","title-block-affiliation-single":"Affiliation","title-block-affiliation-plural":"Affiliations","title-block-published":"Published","title-block-modified":"Modified","title-block-keywords":"Keywords","callout-tip-title":"Tip","callout-note-title":"Note","callout-warning-title":"Warning","callout-important-title":"Important","callout-caution-title":"Caution","code-summary":"Code","code-tools-menu-caption":"Code","code-tools-show-all-code":"Show All Code","code-tools-hide-all-code":"Hide All Code","code-tools-view-source":"View Source","code-tools-source-code":"Source Code","tools-share":"Share","tools-download":"Download","code-line":"Line","code-lines":"Lines","copy-button-tooltip":"Copy to Clipboard","copy-button-tooltip-success":"Copied!","repo-action-links-edit":"Edit this page","repo-action-links-source":"View source","repo-action-links-issue":"Report an issue","back-to-top":"Back to top","search-no-results-text":"No results","search-matching-documents-text":"matching documents","search-copy-link-title":"Copy link to search","search-hide-matches-text":"Hide additional matches","search-more-match-text":"more match in this document","search-more-matches-text":"more matches in this document","search-clear-button-title":"Clear","search-text-placeholder":"","search-detached-cancel-button-title":"Cancel","search-submit-button-title":"Submit","search-label":"Search","toggle-section":"Toggle section","toggle-sidebar":"Toggle sidebar navigation","toggle-dark-mode":"Toggle dark mode","toggle-reader-mode":"Toggle reader mode","toggle-navigation":"Toggle navigation","crossref-fig-title":"Figure","crossref-tbl-title":"Table","crossref-lst-title":"Listing","crossref-thm-title":"Theorem","crossref-lem-title":"Lemma","crossref-cor-title":"Corollary","crossref-prp-title":"Proposition","crossref-cnj-title":"Conjecture","crossref-def-title":"Definition","crossref-exm-title":"Example","crossref-exr-title":"Exercise","crossref-ch-prefix":"Chapter","crossref-apx-prefix":"Appendix","crossref-sec-prefix":"Section","crossref-eq-prefix":"Equation","crossref-lof-title":"List of Figures","crossref-lot-title":"List of Tables","crossref-lol-title":"List of Listings","environment-proof-title":"Proof","environment-remark-title":"Remark","environment-solution-title":"Solution","listing-page-order-by":"Order By","listing-page-order-by-default":"Default","listing-page-order-by-date-asc":"Oldest","listing-page-order-by-date-desc":"Newest","listing-page-order-by-number-desc":"High to Low","listing-page-order-by-number-asc":"Low to High","listing-page-field-date":"Date","listing-page-field-title":"Title","listing-page-field-description":"Description","listing-page-field-author":"Author","listing-page-field-filename":"File Name","listing-page-field-filemodified":"Modified","listing-page-field-subtitle":"Subtitle","listing-page-field-readingtime":"Reading Time","listing-page-field-wordcount":"Word Count","listing-page-field-categories":"Categories","listing-page-minutes-compact":"{0} min","listing-page-category-all":"All","listing-page-no-matches":"No matching items","listing-page-words":"{0} words","listing-page-filter":"Filter","draft":"Draft"},"metadata":{"block-headings":true,"manuscript":{"article":"../index.qmd","notebooks":[{"notebook":"../notebooks/data-screening.qmd"}],"mecaFile":"index-meca.zip"},"quarto-internal":{"subarticles":[{"input":"C:\\Users\\Sneha Shree K\\eda\\designs\\CEMS_DSM\\DSM\\Documentation\\notebooks\\data-screening.qmd","token":"nb-1","render":true}]},"notebook-preview-options":{"back":true},"theme":"cosmo","title-block-style":"manuscript","lightbox":"auto","lang":"en-US","papersize":"A4","title":"Data Screening","description":"Screening and filtering data from the IGN catalog down to the relevant events for La Palma","authors":[{"name":"Steve Purves","orcid":"0000-0002-0760-5497"},{"name":"Charlotte Wickham","note":"Edited original notebook by Steve Purves"}],"jupyter":"python3","clear-hidden-classes":"none","remove-hidden":"all","unroll-markdown-cells":true},"extensions":{"book":{"selfContainedOutput":true}}},"docx":{"identifier":{"display-name":"MS Word","target-format":"docx","base-format":"docx"},"execute":{"fig-width":5,"fig-height":4,"fig-format":"png","fig-dpi":96,"df-print":"default","error":false,"eval":true,"cache":null,"freeze":"auto","echo":false,"output":true,"warning":false,"include":true,"keep-md":false,"keep-ipynb":false,"ipynb":null,"enabled":null,"daemon":null,"daemon-restart":false,"debug":false,"ipynb-filters":[],"ipynb-shell-interactivity":null,"plotly-connected":true,"engine":"jupyter"},"render":{"keep-tex":false,"keep-typ":false,"keep-source":false,"keep-hidden":true,"prefer-html":false,"output-divs":true,"output-ext":"docx","fig-align":"default","fig-pos":null,"fig-env":null,"code-fold":"none","code-overflow":"scroll","code-link":false,"code-line-numbers":false,"code-tools":false,"tbl-colwidths":true,"merge-includes":true,"inline-includes":false,"preserve-yaml":false,"latex-auto-mk":true,"latex-auto-install":true,"latex-clean":true,"latex-min-runs":1,"latex-max-runs":10,"latex-makeindex":"makeindex","latex-makeindex-opts":[],"latex-tlmgr-opts":[],"latex-input-paths":[],"latex-output-dir":null,"link-external-icon":false,"link-external-newwindow":false,"self-contained-math":false,"format-resources":[],"page-width":6.5,"produce-source-notebook":true,"notebook-preserve-cells":true},"pandoc":{"default-image-extension":"png","to":"docx","output-file":"data-screening.docx"},"language":{"toc-title-document":"Table of contents","toc-title-website":"On this page","related-formats-title":"Other Formats","related-notebooks-title":"Notebooks","source-notebooks-prefix":"Source","other-links-title":"Other Links","code-links-title":"Code Links","launch-dev-container-title":"Launch Dev Container","launch-binder-title":"Launch Binder","article-notebook-label":"Article Notebook","notebook-preview-download":"Download Notebook","notebook-preview-download-src":"Download Source","notebook-preview-back":"Back to Article","manuscript-meca-bundle":"MECA Bundle","section-title-abstract":"Abstract","section-title-appendices":"Appendices","section-title-footnotes":"Footnotes","section-title-references":"References","section-title-reuse":"Reuse","section-title-copyright":"Copyright","section-title-citation":"Citation","appendix-attribution-cite-as":"For attribution, please cite this work as:","appendix-attribution-bibtex":"BibTeX citation:","appendix-view-license":"View License","title-block-author-single":"Author","title-block-author-plural":"Authors","title-block-affiliation-single":"Affiliation","title-block-affiliation-plural":"Affiliations","title-block-published":"Published","title-block-modified":"Modified","title-block-keywords":"Keywords","callout-tip-title":"Tip","callout-note-title":"Note","callout-warning-title":"Warning","callout-important-title":"Important","callout-caution-title":"Caution","code-summary":"Code","code-tools-menu-caption":"Code","code-tools-show-all-code":"Show All Code","code-tools-hide-all-code":"Hide All Code","code-tools-view-source":"View Source","code-tools-source-code":"Source Code","tools-share":"Share","tools-download":"Download","code-line":"Line","code-lines":"Lines","copy-button-tooltip":"Copy to Clipboard","copy-button-tooltip-success":"Copied!","repo-action-links-edit":"Edit this page","repo-action-links-source":"View source","repo-action-links-issue":"Report an issue","back-to-top":"Back to top","search-no-results-text":"No results","search-matching-documents-text":"matching documents","search-copy-link-title":"Copy link to search","search-hide-matches-text":"Hide additional matches","search-more-match-text":"more match in this document","search-more-matches-text":"more matches in this document","search-clear-button-title":"Clear","search-text-placeholder":"","search-detached-cancel-button-title":"Cancel","search-submit-button-title":"Submit","search-label":"Search","toggle-section":"Toggle section","toggle-sidebar":"Toggle sidebar navigation","toggle-dark-mode":"Toggle dark mode","toggle-reader-mode":"Toggle reader mode","toggle-navigation":"Toggle navigation","crossref-fig-title":"Figure","crossref-tbl-title":"Table","crossref-lst-title":"Listing","crossref-thm-title":"Theorem","crossref-lem-title":"Lemma","crossref-cor-title":"Corollary","crossref-prp-title":"Proposition","crossref-cnj-title":"Conjecture","crossref-def-title":"Definition","crossref-exm-title":"Example","crossref-exr-title":"Exercise","crossref-ch-prefix":"Chapter","crossref-apx-prefix":"Appendix","crossref-sec-prefix":"Section","crossref-eq-prefix":"Equation","crossref-lof-title":"List of Figures","crossref-lot-title":"List of Tables","crossref-lol-title":"List of Listings","environment-proof-title":"Proof","environment-remark-title":"Remark","environment-solution-title":"Solution","listing-page-order-by":"Order By","listing-page-order-by-default":"Default","listing-page-order-by-date-asc":"Oldest","listing-page-order-by-date-desc":"Newest","listing-page-order-by-number-desc":"High to Low","listing-page-order-by-number-asc":"Low to High","listing-page-field-date":"Date","listing-page-field-title":"Title","listing-page-field-description":"Description","listing-page-field-author":"Author","listing-page-field-filename":"File Name","listing-page-field-filemodified":"Modified","listing-page-field-subtitle":"Subtitle","listing-page-field-readingtime":"Reading Time","listing-page-field-wordcount":"Word Count","listing-page-field-categories":"Categories","listing-page-minutes-compact":"{0} min","listing-page-category-all":"All","listing-page-no-matches":"No matching items","listing-page-words":"{0} words","listing-page-filter":"Filter","draft":"Draft"},"metadata":{"manuscript":{"article":"../index.qmd","notebooks":[{"notebook":"../notebooks/data-screening.qmd"}],"mecaFile":"index-meca.zip"},"quarto-internal":{"subarticles":[{"input":"C:\\Users\\Sneha Shree K\\eda\\designs\\CEMS_DSM\\DSM\\Documentation\\notebooks\\data-screening.qmd","token":"nb-1","render":true}]},"notebook-preview-options":{"back":true},"theme":"cosmo","title-block-style":"manuscript","lightbox":"auto","title":"Data Screening","description":"Screening and filtering data from the IGN catalog down to the relevant events for La Palma","authors":[{"name":"Steve Purves","orcid":"0000-0002-0760-5497"},{"name":"Charlotte Wickham","note":"Edited original notebook by Steve Purves"}],"jupyter":"python3","clear-hidden-classes":"none","remove-hidden":"all","unroll-markdown-cells":true},"extensions":{"book":{"selfContainedOutput":true}}}},"projectFormats":["html","pdf","docx"]}